source_portal,source_url,slug,product_id,name,brand,price_eur,score,power,control,comfort,spin,forgiveness,maneuverability,low_speed
extreme-tennis,https://www.extreme-tennis.eu/adidas-padel-racket/22529-adidas-metalbone-2026-galan-racket.html,22529-adidas-metalbone-2026-galan-racket,22529,Adidas Metalbone 2026 Galán Racket,Adidas,329.8,70.4,87,57,72,68,71,56,82
extreme-tennis,https://www.extreme-tennis.eu/adidas-padel-racket/22530-adidas-metalbone-hrd-2026-galan-racket.html,22530-adidas-metalbone-hrd-2026-galan-racket,22530,Adidas Metalbone HRD+ 2026 Galán Racket,Adidas,329.8,68.1,92,56,64,68,64,52,81
extreme-tennis,https://www.extreme-tennis.eu/head-padel-rackets/23107-head-coello-motion-2026-padel-racket.html,23107-head-coello-motion-2026-padel-racket,23107,Head Coello Motion 2026 Padel Racket,Head,288.8,71.7,79,60,76,78,68,61,80
extreme-tennis,https://www.extreme-tennis.eu/head-padel-rackets/23110-head-coello-pro-2026-padel-racket.html,23110-head-coello-pro-2026-padel-racket,23110,Head Coello Pro 2026 Padel Racket,Head,288.8,71.6,92,57,73,78,67,47,87
extreme-tennis,https://www.extreme-tennis.eu/wilson-padel-rackets/23099-wilson-endure-ls-v1-racket.html,23099-wilson-endure-ls-v1-racket,23099,Wilson Endure LS V1 racket,Wilson,174.8,79.7,54,78,92,75,95,86,78
extreme-tennis,https://www.extreme-tennis.eu/wilson-padel-rackets/23096-wilson-endure-v1-racket.html,23096-wilson-endure-v1-racket,23096,Wilson Endure V1 racket,Wilson,209.8,77.7,65,89,75,75,86,85,69
extreme-tennis,https://www.extreme-tennis.eu/wilson-padel-rackets/23097-wilson-endure-pro-v1-racket.html,23097-wilson-endure-pro-v1-racket,23097,Wilson Endure Pro V1 racket,Wilson,254.8,76.7,66,89,73,75,80,84,70
extreme-tennis,https://www.extreme-tennis.eu/bullpadel-padel-rackets/22046-bullpadel-vertex-05-26-racket.html,22046-bullpadel-vertex-05-26-racket,22046,Bullpadel Vertex 05 26 racket,Bullpadel,304.8,72.6,83,76,62,88,65,62,72
extreme-tennis,https://www.extreme-tennis.eu/bullpadel-padel-rackets/23305-bullpadel-vertex-05-geo-premier-padel-26-racket.html,23305-bullpadel-vertex-05-geo-premier-padel-26-racket,23305,Bullpadel Vertex 05 Geo Premier Padel 26 Racket,Bullpadel,341.8,73.0,78,78,63,88,67,68,69
extreme-tennis,https://www.extreme-tennis.eu/bullpadel-padel-rackets/22059-bullpadel-vertex-05-geo-26-racket.html,22059-bullpadel-vertex-05-geo-26-racket,22059,Bullpadel Vertex 05 Geo 26 racket,Bullpadel,304.8,73.0,78,78,63,88,67,68,69
extreme-tennis,https://www.extreme-tennis.eu/bullpadel-padel-rackets/22050-bullpadel-neuron-02-26-racket.html,22050-bullpadel-neuron-02-26-racket,22050,Bullpadel Neuron 02 26 racket,Bullpadel,279.8,73.0,75,87,65,67,73,78,66
extreme-tennis,https://www.extreme-tennis.eu/bullpadel-padel-rackets/23334-bullpadel-neuron-02-premier-padel-26-padel-racket.html,23334-bullpadel-neuron-02-premier-padel-26-padel-racket,23334,Bullpadel Neuron 02 Premier Padel 26 Padel Racket,Bullpadel,339.8,73.0,75,87,64,67,73,79,66
extreme-tennis,https://www.extreme-tennis.eu/bullpadel-padel-rackets/22060-bullpadel-neuron-02-edge-26-racket.html,22060-bullpadel-neuron-02-edge-26-racket,22060,Bullpadel Neuron 02 Edge 26 racket,Bullpadel,287.85,70.3,78,79,62,68,67,69,69
extreme-tennis,https://www.extreme-tennis.eu/oxdog-padel-rackets/22439-oxdog-ultimate-pro-2026-racket.html,22439-oxdog-ultimate-pro-2026-racket,22439,Oxdog Ultimate Pro 2026 Racket,Oxdog,329.9,69.9,88,83,53,78,62,64,61
extreme-tennis,https://www.extreme-tennis.eu/oxdog-padel-rackets/22441-oxdog-pure-pro-2026-racket.html,22441-oxdog-pure-pro-2026-racket,22441,Oxdog Pure Pro+ 2026 Racket,Oxdog,299.9,74.1,75,92,60,85,69,82,56
extreme-tennis,https://www.extreme-tennis.eu/oxdog-padel-rackets/22449-oxdog-hyper-pro-20-2026-racket.html,22449-oxdog-hyper-pro-20-2026-racket,22449,Oxdog Hyper Pro 2.0 2026 Racket,Oxdog,309.9,75.6,83,86,67,87,68,71,67
extreme-tennis,https://www.extreme-tennis.eu/oxdog-padel-rackets/22450-oxdog-hyper-pro-plus-20-2026-racket.html,22450-oxdog-hyper-pro-plus-20-2026-racket,22450,Oxdog Hyper Pro+ 2.0 2026 Racket,Oxdog,319.9,75.3,79,91,67,87,65,76,62
extreme-tennis,https://www.extreme-tennis.eu/nox-padel-rackets/22224-nox-ea10-ventus-attack-12k-xtreme-2026-racket.html,22224-nox-ea10-ventus-attack-12k-xtreme-2026-racket,22224,Nox EA10 Ventus Attack 12K Xtreme 2026 racket,Nox,263.8,75.6,81,81,67,98,66,67,69
extreme-tennis,https://www.extreme-tennis.eu/tecnifibre-padel-rackets/23234-tecnifibre-bomba-max-padel-racket.html,23234-tecnifibre-bomba-max-padel-racket,23234,Tecnifibre Bomba Max Padel Racket,Tecnifibre,269.9,73.1,91,72,64,88,67,58,72
extreme-tennis,https://www.extreme-tennis.eu/tecnifibre-padel-rackets/23231-tecnifibre-bomba-speed-padel-racket.html,23231-tecnifibre-bomba-speed-padel-racket,23231,Tecnifibre Bomba Speed Padel Racket,Tecnifibre,239.9,73.1,82,83,63,88,65,68,63
extreme-tennis,https://www.extreme-tennis.eu/tecnifibre-padel-rackets/23230-tecnifibre-bomba-soft-padel-racket.html,23230-tecnifibre-bomba-soft-padel-racket,23230,Tecnifibre Bomba Soft Padel Racket,Tecnifibre,199.9,76.6,74,61,88,88,79,59,87
extreme-tennis,https://www.extreme-tennis.eu/tecnifibre-padel-rackets/23229-tecnifibre-bomba-lite-padel-racket.html,23229-tecnifibre-bomba-lite-padel-racket,23229,Tecnifibre Bomba Lite Padel Racket,Tecnifibre,169.9,74.9,69,62,86,88,77,69,73
extreme-tennis,https://www.extreme-tennis.eu/head-padel-rackets/23101-head-coello-vibe-2026-padel-racket.html,23101-head-coello-vibe-2026-padel-racket,23101,Head Coello Vibe 2026 Padel Racket,Head,115.8,71.7,78,53,91,52,82,57,89
extreme-tennis,https://www.extreme-tennis.eu/head-padel-rackets/23147-head-coello-team-2026-padel-racket.html,23147-head-coello-team-2026-padel-racket,23147,Head Coello Team 2026 Padel Racket,Head,181.8,70.7,71,63,85,53,77,63,83
extreme-tennis,https://www.extreme-tennis.eu/head-padel-rackets/22411-head-radical-pro-2026-racket.html,22411-head-radical-pro-2026-racket,22411,Head Radical Pro 2026 Racket,Head,197.8,68.6,87,80,58,52,69,64,70
extreme-tennis,https://www.extreme-tennis.eu/head-padel-rackets/22412-head-radical-motion-2026-racket.html,22412-head-radical-motion-2026-racket,22412,Head Radical Motion 2026 Racket,Head,159.8,70.3,76,88,67,52,69,78,62
extreme-tennis,https://www.extreme-tennis.eu/head-padel-rackets/22413-head-radical-team-2026-racket.html,22413-head-radical-team-2026-racket,22413,Head Radical Team 2026 Racket,Head,148.8,73.6,64,79,85,52,81,77,77
extreme-tennis,https://www.extreme-tennis.eu/head-padel-rackets/22414-head-radical-team-light-2026-racket.html,22414-head-radical-team-light-2026-racket,22414,Head Radical Team Light 2026 Racket,Head,123.8,72.9,57,56,99,50,91,73,84
extreme-tennis,https://www.extreme-tennis.eu/siux-padel-rackets/22417-siux-diablo-pro-2026-blue-racket.html,22417-siux-diablo-pro-2026-blue-racket,22417,Siux Diablo Pro 2026 Blue Racket,Siux,314.84,76.0,83,70,71,97,70,62,79
extreme-tennis,https://www.extreme-tennis.eu/siux-padel-rackets/22418-siux-diablo-pro-2026-black-navy-racket.html,22418-siux-diablo-pro-2026-black-navy-racket,22418,Siux Diablo Pro 2026 Black / Navy Racket,Siux,314.84,76.0,83,70,71,97,70,62,79
extreme-tennis,https://www.extreme-tennis.eu/siux-padel-rackets/22595-siux-electra-pro-stupa-2026-red-racket.html,22595-siux-electra-pro-stupa-2026-red-racket,22595,Siux Electra Pro Stupa 2026 Red Racket,Siux,314.84,73.3,87,69,66,87,65,61,78
extreme-tennis,https://www.extreme-tennis.eu/siux-padel-rackets/22596-siux-electra-pro-stupa-2026-black-racket.html,22596-siux-electra-pro-stupa-2026-black-racket,22596,Siux Electra Pro Stupa 2026 Black Racket,Siux,314.84,73.3,87,69,66,87,65,61,78
extreme-tennis,https://www.extreme-tennis.eu/siux-padel-rackets/22599-siux-fenix-pro-augsburger-2026-purple-racket.html,22599-siux-fenix-pro-augsburger-2026-purple-racket,22599,Siux Fenix ​​Pro Augsburger 2026 Purple Racket,Siux,319.8,69.1,94,71,59,78,57,54,71
extreme-tennis,https://www.extreme-tennis.eu/bullpadel-padel-rackets/22362-bullpadel-vertex-04-comfort-2025-pack.html,22362-bullpadel-vertex-04-comfort-2025-pack,22362,Bullpadel Vertex 04 Comfort 2025 Pack,Bullpadel,180.0,75.7,75,72,80,88,69,64,82
extreme-tennis,https://www.extreme-tennis.eu/head-padel-rackets/22415-head-extreme-one-2026-racket.html,22415-head-extreme-one-2026-racket,22415,Head Extreme One 2026 Racket,Head,229.86,65.6,84,68,60,68,58,65,56
extreme-tennis,https://www.extreme-tennis.eu/head-padel-rackets/22416-head-extreme-one-x-2026-racket.html,22416-head-extreme-one-x-2026-racket,22416,Head Extreme One X 2026 Racket,Head,239.86,66.9,96,71,55,68,58,55,65
extreme-tennis,https://www.extreme-tennis.eu/nox-padel-rackets/22229-nox-at10-genius-12k-alum-xtreme-2026-racket.html,22229-nox-at10-genius-12k-alum-xtreme-2026-racket,22229,Nox AT10 Genius 12K Alum Xtreme 2026 racket,Nox,294.8,75.1,84,72,68,97,65,65,75
extreme-tennis,https://www.extreme-tennis.eu/nox-padel-rackets/22228-nox-at10-genius-18k-alum-2026-racket.html,22228-nox-at10-genius-18k-alum-2026-racket,22228,Nox AT10 Genius 18K Alum 2026 racket,Nox,258.17,77.1,80,72,70,97,74,69,78
extreme-tennis,https://www.extreme-tennis.eu/nox-padel-rackets/22230-nox-at10-genius-12k-alum-xtreme-lite-2026-racket.html,22230-nox-at10-genius-12k-alum-xtreme-lite-2026-racket,22230,Nox AT10 Genius 12K Alum Xtreme Lite 2026 racket,Nox,263.8,78.6,67,81,79,97,74,82,70
extreme-tennis,https://www.extreme-tennis.eu/nox-padel-rackets/22226-nox-at10-genius-attack-12k-alum-xtreme-2026-racket.html,22226-nox-at10-genius-attack-12k-alum-xtreme-2026-racket,22226,Nox AT10 Genius Attack 12K Alum Xtreme 2026 racket,Nox,279.8,72.3,88,65,66,98,59,57,73
extreme-tennis,https://www.extreme-tennis.eu/nox-padel-rackets/22227-nox-at10-genius-attack-18k-alum-xtreme-2026-racket.html,22227-nox-at10-genius-attack-18k-alum-xtreme-2026-racket,22227,Nox AT10 Genius Attack 18K Alum Xtreme 2026 racket,Nox,271.9,74.6,80,80,64,98,64,68,68
extreme-tennis,https://www.extreme-tennis.eu/black-crown-padel-rackets/22783-black-crown-patron-kore-racket.html,22783-black-crown-patron-kore-racket,22783,Black Crown Patron Kore racket,Black Crown,233.9,76.9,72,89,76,87,69,78,67
extreme-tennis,https://www.extreme-tennis.eu/black-crown-padel-rackets/22782-black-crown-piton-white-racket.html,22782-black-crown-piton-white-racket,22782,Black Crown Piton White racket,Black Crown,159.8,75.9,62,89,78,65,84,89,64
extreme-tennis,https://www.extreme-tennis.eu/bullpadel-padel-rackets/22053-bullpadel-hack-04-26-racket.html,22053-bullpadel-hack-04-26-racket,22053,Bullpadel Hack 04 26 racket,Bullpadel,287.85,70.4,78,81,62,68,66,73,65
extreme-tennis,https://www.extreme-tennis.eu/bullpadel-padel-rackets/22054-bullpadel-hack-04-hybrid-26-racket.html,22054-bullpadel-hack-04-hybrid-26-racket,22054,Bullpadel Hack 04 Hybrid 26 racket,Bullpadel,287.85,75.4,64,84,75,65,83,84,73
extreme-tennis,https://www.extreme-tennis.eu/black-crown-padel-rackets/23639-black-crown-iconic-crown-padel-racket.html,23639-black-crown-iconic-crown-padel-racket,23639,Black Crown Iconic Crown Padel Racket,Black Crown,215.9,77.1,72,82,76,87,73,76,74
extreme-tennis,https://www.extreme-tennis.eu/black-crown-padel-rackets/23638-black-crown-iconic-padel-racket.html,23638-black-crown-iconic-padel-racket,23638,Black Crown Iconic Padel Racket,Black Crown,215.9,76.7,73,87,71,87,72,81,66
extreme-tennis,https://www.extreme-tennis.eu/black-crown-padel-rackets/22784-black-crown-special-max-racket.html,22784-black-crown-special-max-racket,22784,Black Crown Special Max racket,Black Crown,287.9,76.3,76,89,70,87,70,76,66
extreme-tennis,https://www.extreme-tennis.eu/black-crown-padel-rackets/22785-black-crown-special-elite-racket.html,22785-black-crown-special-elite-racket,22785,Black Crown Special Elite racket,Black Crown,251.9,77.0,70,84,77,87,74,80,67
extreme-tennis,https://www.extreme-tennis.eu/black-crown-padel-rackets/22767-black-crown-piton-14-racket.html,22767-black-crown-piton-14-racket,22767,Black Crown Piton 14 racket,Black Crown,172.42,78.1,67,93,74,85,77,83,68
extreme-tennis,https://www.extreme-tennis.eu/bullpadel-padel-rackets/22719-bullpadel-neuron-02-cloud-26-racket.html,22719-bullpadel-neuron-02-cloud-26-racket,22719,Bullpadel Neuron 02 Cloud 26 racket,Bullpadel,239.86,77.9,62,83,88,67,88,81,76
extreme-tennis,https://www.extreme-tennis.eu/oxdog-padel-rackets/22438-oxdog-ultimate-pro-smash-2026-racket.html,22438-oxdog-ultimate-pro-smash-2026-racket,22438,Oxdog Ultimate Pro Smash 2026 Racket,Oxdog,329.9,73.6,87,85,55,98,62,67,61
extreme-tennis,https://www.extreme-tennis.eu/oxdog-padel-rackets/22440-oxdog-ultimate-pro-2026-racket.html,22440-oxdog-ultimate-pro-2026-racket,22440,Oxdog Ultimate Pro+ 2026 Racket,Oxdog,339.9,71.7,89,78,52,98,59,61,65
extreme-tennis,https://www.extreme-tennis.eu/oxdog-padel-rackets/22442-oxdog-pure-court-2026-racket.html,22442-oxdog-pure-court-2026-racket,22442,Oxdog Pure Court 2026 Racket,Oxdog,149.9,77.7,72,80,75,85,84,71,77
extreme-tennis,https://www.extreme-tennis.eu/oxdog-padel-rackets/22443-oxdog-ultimate-pro-smash-2026-racket.html,22443-oxdog-ultimate-pro-smash-2026-racket,22443,Oxdog Ultimate Pro Smash 2026 Racket,Oxdog,179.9,68.4,63,65,66,78,70,90,47
extreme-tennis,https://www.extreme-tennis.eu/oxdog-padel-rackets/22445-oxdog-pure-tour-x-2026-racket.html,22445-oxdog-pure-tour-x-2026-racket,22445,Oxdog Pure Tour X 2026 Racket,Oxdog,249.9,71.6,74,92,67,50,77,81,60
extreme-tennis,https://www.extreme-tennis.eu/oxdog-padel-rackets/22446-oxdog-ultimate-tour-x-2026-racket.html,22446-oxdog-ultimate-tour-x-2026-racket,22446,Oxdog Ultimate Tour X 2026 Racket,Oxdog,259.9,76.7,76,88,67,98,70,75,63
extreme-tennis,https://www.extreme-tennis.eu/oxdog-padel-rackets/22447-oxdog-ultimate-pro-light-2026-racket.html,22447-oxdog-ultimate-pro-light-2026-racket,22447,Oxdog Ultimate Pro Light 2026 Racket,Oxdog,319.9,73.1,78,79,65,98,60,72,60
extreme-tennis,https://www.extreme-tennis.eu/oxdog-padel-rackets/22448-oxdog-hyper-tour-x-20-2026-racket.html,22448-oxdog-hyper-tour-x-20-2026-racket,22448,Oxdog Hyper Tour X 2.0 2026 Racket,Oxdog,249.9,71.7,72,88,74,52,73,82,61
extreme-tennis,https://www.extreme-tennis.eu/pro-kennex-padel-rackets/22451-pro-kennex-kinetic-black-ace-red-2026-racket.html,22451-pro-kennex-kinetic-black-ace-red-2026-racket,22451,Pro Kennex Kinetic Black Ace Red 2026 racket,Pro Kennex,314.9,66.9,100,61,56,68,65,44,74
extreme-tennis,https://www.extreme-tennis.eu/pro-kennex-padel-rackets/22452-pro-kennex-kinetic-black-ace-blue-2026-racket.html,22452-pro-kennex-kinetic-black-ace-blue-2026-racket,22452,Pro Kennex Kinetic Black Ace Blue 2026 racket,Pro Kennex,314.9,75.3,80,90,69,75,77,69,67
extreme-tennis,https://www.extreme-tennis.eu/bullpadel-padel-rackets/22455-bullpadel-elite-woman-premier-padel-tf-26-racket.html,22455-bullpadel-elite-woman-premier-padel-tf-26-racket,22455,Bullpadel Elite Woman Premier Padel TF 26 racket,Bullpadel,279.8,75.6,56,72,90,67,81,88,75
extreme-tennis,https://www.extreme-tennis.eu/bullpadel-padel-rackets/23335-bullpadel-hack-04-premier-padel-26-padel-racket.html,23335-bullpadel-hack-04-premier-padel-26-padel-racket,23335,Bullpadel Hack 04 Premier Padel 26 Padel Racket,Bullpadel,339.8,70.0,77,80,62,68,66,73,64
extreme-tennis,https://www.extreme-tennis.eu/adidas-padel-racket/22500-adidas-cross-it-light-2026-ortega-racket.html,22500-adidas-cross-it-light-2026-ortega-racket,22500,Adidas Cross It Light 2026 Ortega Racket,Adidas,279.8,74.9,56,74,86,65,85,87,71
extreme-tennis,https://www.extreme-tennis.eu/bullpadel-padel-rackets/22456-bullpadel-hack-04-premier-padel-tf-26-racket.html,22456-bullpadel-hack-04-premier-padel-tf-26-racket,22456,Bullpadel Hack 04 Premier Padel TF 26 racket,Bullpadel,304.75,70.0,77,80,62,68,66,73,64
extreme-tennis,https://www.extreme-tennis.eu/bullpadel-padel-rackets/22458-bullpadel-vertex-05-premier-padel-tf-26-racket.html,22458-bullpadel-vertex-05-premier-padel-tf-26-racket,22458,Bullpadel Vertex 05 Premier Padel TF 26 racket,Bullpadel,329.8,72.6,83,76,62,88,65,62,72
extreme-tennis,https://www.extreme-tennis.eu/bullpadel-padel-rackets/22457-bullpadel-neuron-02-edge-premier-padel-tf-26-racket.html,22457-bullpadel-neuron-02-edge-premier-padel-tf-26-racket,22457,Bullpadel Neuron 02 Edge Premier Padel TF 26 racket,Bullpadel,329.8,70.1,78,79,61,68,67,69,69
extreme-tennis,https://www.extreme-tennis.eu/adidas-padel-racket/22501-adidas-cross-it-ctrl-2026-ortega-racket.html,22501-adidas-cross-it-ctrl-2026-ortega-racket,22501,Adidas Cross It Ctrl 2026 Ortega Racket,Adidas,299.8,75.1,66,87,78,65,76,83,71
extreme-tennis,https://www.extreme-tennis.eu/adidas-padel-racket/22502-adidas-rx-series-2026-racket.html,22502-adidas-rx-series-2026-racket,22502,Adidas RX Series 2026 Racket,Adidas,107.8,74.6,57,79,94,40,92,83,77
extreme-tennis,https://www.extreme-tennis.eu/adidas-padel-racket/22503-adidas-drive-black-2026-racket.html,22503-adidas-drive-black-2026-racket,22503,Adidas Drive Black 2026 Racket,Adidas,69.85,73.7,68,77,86,50,87,71,77
extreme-tennis,https://www.extreme-tennis.eu/adidas-padel-racket/22504-adidas-match-light-2026-racket.html,22504-adidas-match-light-2026-racket,22504,Adidas Match Light 2026 Racket,Adidas,69.85,70.9,75,48,90,53,81,58,91
extreme-tennis,https://www.extreme-tennis.eu/dunlop-padel-rackets/22523-dunlop-fx-pro-2026-racket.html,22523-dunlop-fx-pro-2026-racket,22523,Dunlop FX Pro 2026 racket,Dunlop,199.86,68.6,88,77,60,68,60,59,68
extreme-tennis,https://www.extreme-tennis.eu/dunlop-padel-rackets/22524-dunlop-fx-lite-2026-racket.html,22524-dunlop-fx-lite-2026-racket,22524,Dunlop FX Lite 2026 racket,Dunlop,159.86,70.7,76,81,68,68,67,73,62
extreme-tennis,https://www.extreme-tennis.eu/dunlop-padel-rackets/22525-dunlop-fx-team-2026-racket.html,22525-dunlop-fx-team-2026-racket,22525,Dunlop FX Team 2026 racket,Dunlop,154.86,72.6,62,71,82,68,76,80,69
extreme-tennis,https://www.extreme-tennis.eu/adidas-padel-racket/22531-adidas-metalbone-ctrl-2026-racket.html,22531-adidas-metalbone-ctrl-2026-racket,22531,Adidas Metalbone Ctrl 2026 Racket,Adidas,349.8,76.1,66,83,81,65,83,78,77
extreme-tennis,https://www.extreme-tennis.eu/adidas-padel-racket/22537-adidas-arrow-hit-ctrl-2026-racket.html,22537-adidas-arrow-hit-ctrl-2026-racket,22537,Adidas Arrow Hit Ctrl 2026 Racket,Adidas,339.8,72.6,80,80,67,65,79,65,72
extreme-tennis,https://www.extreme-tennis.eu/adidas-padel-racket/22532-adidas-metalbone-team-light-2026-racket.html,22532-adidas-metalbone-team-light-2026-racket,22532,Adidas Metalbone Team Light 2026 Racket,Adidas,174.8,80.3,58,75,92,85,91,78,83
extreme-tennis,https://www.extreme-tennis.eu/adidas-padel-racket/22533-adidas-metalbone-team-2026-racket.html,22533-adidas-metalbone-team-2026-racket,22533,Adidas Metalbone Team 2026 Racket,Adidas,159.84,74.6,77,50,84,88,79,56,88
extreme-tennis,https://www.extreme-tennis.eu/adidas-padel-racket/22534-adidas-metalbone-carbon-2026-racket.html,22534-adidas-metalbone-carbon-2026-racket,22534,Adidas Metalbone Carbon 2026 Racket,Adidas,239.86,70.4,84,78,65,68,67,64,67
extreme-tennis,https://www.extreme-tennis.eu/adidas-padel-racket/22535-adidas-metalbone-carbon-ctrl-2026-racket.html,22535-adidas-metalbone-carbon-ctrl-2026-racket,22535,Adidas Metalbone Carbon Ctrl 2026 Racket,Adidas,239.86,75.7,70,87,75,65,83,75,75
extreme-tennis,https://www.extreme-tennis.eu/adidas-padel-racket/22536-adidas-arrow-hit-2026-racket.html,22536-adidas-arrow-hit-2026-racket,22536,Adidas Arrow Hit 2026 Racket,Adidas,359.8,72.6,82,79,75,68,69,61,74
extreme-tennis,https://www.extreme-tennis.eu/head-padel-rackets/22428-head-coello-vibe-2025-pack.html,22428-head-coello-vibe-2025-pack,22428,Head Coello Vibe 2025 Pack,Head,120.0,72.4,69,63,95,42,82,65,91
extreme-tennis,https://www.extreme-tennis.eu/siux-padel-rackets/22419-siux-diablo-elite-2026-racket.html,22419-siux-diablo-elite-2026-racket,22419,Siux Diablo Elite 2026 Racket,Siux,239.8,80.3,66,91,77,87,81,88,72
extreme-tennis,https://www.extreme-tennis.eu/head-padel-rackets/22291-head-extreme-pro-coello-ltd-2024-racket.html,22291-head-extreme-pro-coello-ltd-2024-racket,22291,Head Extreme Pro Coello LTD 2024 racket,Head,129.8,69.9,95,48,70,78,67,42,89
extreme-tennis,https://www.extreme-tennis.eu/head-padel-rackets/22256-head-speed-motion-2023-racket.html,22256-head-speed-motion-2023-racket,22256,Head Speed Motion 2023 Racket,Head,109.8,72.3,73,79,86,42,75,69,82
extreme-tennis,https://www.extreme-tennis.eu/head-padel-rackets/22257-head-speed-pro-2023-racket.html,22257-head-speed-pro-2023-racket,22257,Head Speed Pro 2023 Racket,Head,137.15,70.4,77,70,81,42,75,63,85
extreme-tennis,https://www.extreme-tennis.eu/nox-padel-rackets/22221-nox-ml10-ventus-control-3k-2026-racket.html,22221-nox-ml10-ventus-control-3k-2026-racket,22221,Nox ML10 Ventus Control 3K 2026 racket,Nox,263.8,78.0,68,87,71,95,78,84,63
extreme-tennis,https://www.extreme-tennis.eu/nox-padel-rackets/22222-nox-vk10-ventus-control-12k-2026-racket.html,22222-nox-vk10-ventus-control-12k-2026-racket,22222,Nox VK10 Ventus Control 12K 2026 racket,Nox,194.0,79.3,59,87,77,95,81,94,62
extreme-tennis,https://www.extreme-tennis.eu/nox-padel-rackets/22223-nox-vk10-ventus-hybrid-12k-lite-2026-racket.html,22223-nox-vk10-ventus-hybrid-12k-lite-2026-racket,22223,Nox VK10 Ventus Hybrid 12K Lite 2026 racket,Nox,229.8,79.7,61,87,80,95,80,89,66
extreme-tennis,https://www.extreme-tennis.eu/nox-padel-rackets/22225-nox-ea10-ventus-hybrid-12k-xtreme-2026-racket.html,22225-nox-ea10-ventus-hybrid-12k-xtreme-2026-racket,22225,Nox EA10 Ventus Hybrid 12K Xtreme 2026 racket,Nox,263.8,79.6,66,89,73,97,76,89,67
extreme-tennis,https://www.extreme-tennis.eu/head-padel-rackets/22040-head-extreme-pro-2025-racket.html,22040-head-extreme-pro-2025-racket,22040,Head Extreme Pro 2025 racket,Head,219.8,67.3,97,61,54,78,60,48,73
extreme-tennis,https://www.extreme-tennis.eu/head-padel-rackets/22041-head-extreme-motion-2025-racket.html,22041-head-extreme-motion-2025-racket,22041,Head Extreme Motion 2025 Racket,Head,215.9,70.9,86,84,60,78,60,63,65
extreme-tennis,https://www.extreme-tennis.eu/head-padel-rackets/22042-head-extreme-team-2025-racket.html,22042-head-extreme-team-2025-racket,22042,Head Extreme Team 2025 Racket,Head,159.8,68.1,69,71,79,43,72,69,74
extreme-tennis,https://www.extreme-tennis.eu/oxdog-padel-rackets/21271-oxdog-ultimate-pro-smash-racket.html,21271-oxdog-ultimate-pro-smash-racket,21271,Oxdog Ultimate Pro Smash Racket,Oxdog,299.9,73.6,87,85,55,98,62,67,61
extreme-tennis,https://www.extreme-tennis.eu/nox-padel-rackets/21771-nox-at10-genius-tapia-ltd-buenos-aires-2025-racket.html,21771-nox-at10-genius-tapia-ltd-buenos-aires-2025-racket,21771,Nox AT10 Genius Tapia LTD Buenos Aires 2025 racket,Nox,319.84,79.0,75,83,74,97,77,74,73
extreme-tennis,https://www.extreme-tennis.eu/head-padel-rackets/20125-head-speed-one-2025-racket.html,20125-head-speed-one-2025-racket,20125,Head Speed One 2025 Racket,Head,197.85,71.7,78,87,65,77,64,79,52
extreme-tennis,https://www.extreme-tennis.eu/siux-padel-rackets/20735-siux-electra-pro-st4-stupa-padel-racket.html,20735-siux-electra-pro-st4-stupa-padel-racket,20735,Siux Electra Pro ST4 Stupa Padel Racket,Siux,196.3,75.7,85,76,74,87,67,63,78
extreme-tennis,https://www.extreme-tennis.eu/osaka-padel-rackets/21488-osaka-pro-tour-ltd-control-racket.html,21488-osaka-pro-tour-ltd-control-racket,21488,Osaka Pro Tour LTD Control Racket,Osaka,289.85,78.9,69,94,72,95,76,84,62
extreme-tennis,https://www.extreme-tennis.eu/bullpadel-padel-rackets/22055-bullpadel-flow-legend-26-racket.html,22055-bullpadel-flow-legend-26-racket,22055,Bullpadel Flow Legend 26 racket,Bullpadel,224.86,74.1,65,74,86,68,73,78,75
extreme-tennis,https://www.extreme-tennis.eu/bullpadel-padel-rackets/22047-bullpadel-vertex-05-hybrid-26-racket.html,22047-bullpadel-vertex-05-hybrid-26-racket,22047,Bullpadel Vertex 05 Hybrid 26 racket,Bullpadel,304.8,77.7,69,81,77,87,77,79,74
extreme-tennis,https://www.extreme-tennis.eu/bullpadel-padel-rackets/22048-bullpadel-xplo-26-racket.html,22048-bullpadel-xplo-26-racket,22048,Bullpadel XPLO 26 racket,Bullpadel,287.85,71.0,76,82,62,68,68,76,65
extreme-tennis,https://www.extreme-tennis.eu/bullpadel-padel-rackets/23336-bullpadel-xplo-premier-padel-26-padel-racket.html,23336-bullpadel-xplo-premier-padel-26-padel-racket,23336,Bullpadel XPLO Premier Padel 26 Padel Racket,Bullpadel,339.8,70.9,75,82,61,68,68,77,65
extreme-tennis,https://www.extreme-tennis.eu/bullpadel-padel-rackets/22049-bullpadel-xplo-comfort-26-racket.html,22049-bullpadel-xplo-comfort-26-racket,22049,Bullpadel XPLO Comfort 26 racket,Bullpadel,215.84,74.3,73,73,77,78,71,67,81
extreme-tennis,https://www.extreme-tennis.eu/bullpadel-padel-rackets/22051-bullpadel-vertex-05-woman-26-racket.html,22051-bullpadel-vertex-05-woman-26-racket,22051,Bullpadel Vertex 05 Woman 26 racket,Bullpadel,251.85,75.9,69,70,86,88,69,72,77
extreme-tennis,https://www.extreme-tennis.eu/bullpadel-padel-rackets/23306-bullpadel-vertex-05-light-premier-padel-26-padel-racket.html,23306-bullpadel-vertex-05-light-premier-padel-26-padel-racket,23306,Bullpadel Vertex 05 Light Premier Padel 26 Padel Racket,Bullpadel,255.8,75.7,69,68,85,88,71,69,80
extreme-tennis,https://www.extreme-tennis.eu/bullpadel-padel-rackets/22052-bullpadel-elite-woman-26-racket.html,22052-bullpadel-elite-woman-26-racket,22052,Bullpadel Elite Woman 26 racket,Bullpadel,242.86,75.7,56,72,91,67,81,88,75
extreme-tennis,https://www.extreme-tennis.eu/bullpadel-padel-rackets/22057-bullpadel-hack-04-comfort-26-racket.html,22057-bullpadel-hack-04-comfort-26-racket,22057,Bullpadel Hack 04 Comfort 26 racket,Bullpadel,224.86,72.7,72,73,78,68,71,69,78
extreme-tennis,https://www.extreme-tennis.eu/bullpadel-padel-rackets/22058-bullpadel-wonder-26-racket.html,22058-bullpadel-wonder-26-racket,22058,Bullpadel Wonder 26 racket,Bullpadel,239.86,75.6,65,77,87,67,77,77,79
extreme-tennis,https://www.extreme-tennis.eu/bullpadel-padel-rackets/21709-bullpadel-pearl-26-racket.html,21709-bullpadel-pearl-26-racket,21709,Bullpadel Pearl 26 racket,Bullpadel,251.86,74.3,60,66,93,68,75,76,82
extreme-tennis,https://www.extreme-tennis.eu/head-padel-rackets/22378-head-extreme-one-richard-orlinski-racket.html,22378-head-extreme-one-richard-orlinski-racket,22378,Head Extreme One Richard Orlinski Racket,Head,169.8,68.3,97,59,59,78,62,46,77
extreme-tennis,https://www.extreme-tennis.eu/head-padel-rackets/22384-head-extreme-one-richard-orlinski-green-racket.html,22384-head-extreme-one-richard-orlinski-green-racket,22384,Head Extreme One Richard Orlinski Green Racket,Head,169.9,68.3,97,59,59,78,62,46,77
extreme-tennis,https://www.extreme-tennis.eu/nox-padel-rackets/21322-nox-premium-fr-exclusive-12k-2025-racket.html,21322-nox-premium-fr-exclusive-12k-2025-racket,21322,Nox Premium FR Exclusive 12K 2025 racket,Nox,179.8,75.9,69,82,74,87,71,82,66
extreme-tennis,https://www.extreme-tennis.eu/bullpadel-padel-rackets/20135-bullpadel-ionic-power-25-racket.html,20135-bullpadel-ionic-power-25-racket,20135,Bullpadel Ionic Power 25 racket,Bullpadel,129.8,71.9,84,65,74,78,67,57,78
extreme-tennis,https://www.extreme-tennis.eu/wilson-padel-rackets/20046-wilson-blade-v3-racket.html,20046-wilson-blade-v3-racket,20046,Wilson Blade V3 racket,Wilson,172.05,72.0,88,73,66,77,66,63,71
extreme-tennis,https://www.extreme-tennis.eu/bullpadel-padel-rackets/19859-bullpadel-xplo-25-racket.html,19859-bullpadel-xplo-25-racket,19859,Bullpadel XPLO 25 racket,Bullpadel,169.8,73.1,71,84,68,68,70,81,70
extreme-tennis,https://www.extreme-tennis.eu/nox-padel-rackets/19968-nox-at10-genius-attack-12k-2025-racket.html,19968-nox-at10-genius-attack-12k-2025-racket,19968,Nox AT10 Genius Attack 12K 2025 racket,Nox,189.45,76.0,77,82,64,98,71,74,66
extreme-tennis,https://www.extreme-tennis.eu/head-padel-rackets/18227-head-radical-pro-racket.html,18227-head-radical-pro-racket,18227,Head Radical Pro Racket,Head,197.85,71.4,72,72,80,42,85,68,81
extreme-tennis,https://www.extreme-tennis.eu/head-padel-rackets/18226-head-radical-motion-racket.html,18226-head-radical-motion-racket,18226,Head Radical Motion Racket,Head,169.85,69.1,76,88,70,42,69,78,61
extreme-tennis,https://www.extreme-tennis.eu/siux-padel-rackets/20734-siux-valkyria-elite-racket.html,20734-siux-valkyria-elite-racket,20734,Siux Valkyria Elite Racket,Siux,149.86,72.3,72,70,83,40,85,68,88
extreme-tennis,https://www.extreme-tennis.eu/bullpadel-padel-rackets/20612-bullpadel-pearl-25-racket.html,20612-bullpadel-pearl-25-racket,20612,Bullpadel Pearl 25 racket,Bullpadel,199.8,76.6,65,76,82,88,73,79,73
extreme-tennis,https://www.extreme-tennis.eu/dunlop-padel-rackets/20447-dunlop-galactica-pro-ls-2025-racket.html,20447-dunlop-galactica-pro-ls-2025-racket,20447,Dunlop Galactica Pro LS 2025 racket,Dunlop,159.8,76.0,80,88,71,87,68,71,67
extreme-tennis,https://www.extreme-tennis.eu/dunlop-padel-rackets/20446-dunlop-galactica-team-2025-racket.html,20446-dunlop-galactica-team-2025-racket,20446,Dunlop Galactica Team 2025 racket,Dunlop,149.8,77.4,76,77,83,87,76,65,78
extreme-tennis,https://www.extreme-tennis.eu/dunlop-padel-rackets/20444-dunlop-galactica-pro-2025-racket.html,20444-dunlop-galactica-pro-2025-racket,20444,Dunlop Galactica Pro 2025 racket,Dunlop,199.8,73.7,87,84,62,87,66,63,67
extreme-tennis,https://www.extreme-tennis.eu/siux-padel-rackets/20414-siux-diablo-elite-4-racket.html,20414-siux-diablo-elite-4-racket,20414,Siux Diablo Elite 4 Racket,Siux,167.85,72.9,66,83,77,52,76,84,72
extreme-tennis,https://www.extreme-tennis.eu/head-padel-rackets/20123-head-speed-motion-2025-racket.html,20123-head-speed-motion-2025-racket,20123,Head Speed Motion 2025 Racket,Head,179.8,70.3,78,82,78,42,71,71,70
extreme-tennis,https://www.extreme-tennis.eu/head-padel-rackets/19912-head-one-ultralight-white-racket.html,19912-head-one-ultralight-white-racket,19912,Head One Ultralight White Racket,Head,149.86,71.0,58,68,73,85,75,94,44
extreme-tennis,https://www.extreme-tennis.eu/head-padel-rackets/19911-head-one-ultralight-black-racket.html,19911-head-one-ultralight-black-racket,19911,Head One Ultralight Black Racket,Head,145.45,71.0,58,68,73,85,75,94,44
extreme-tennis,https://www.extreme-tennis.eu/wilson-padel-rackets/19733-wilson-blade-pro-v3-racket.html,19733-wilson-blade-pro-v3-racket,19733,Wilson Blade Pro V3 racket,Wilson,199.6,72.1,88,89,59,77,64,66,62
extreme-tennis,https://www.extreme-tennis.eu/head-padel-rackets/19708-head-gravity-team-2024-racket.html,19708-head-gravity-team-2024-racket,19708,Head Gravity Team 2024 Racket,Head,127.2,75.6,51,76,99,40,93,84,86
extreme-tennis,https://www.extreme-tennis.eu/pro-kennex-padel-rackets/18196-pro-kennex-kinetic-black-ace-racket.html,18196-pro-kennex-kinetic-black-ace-racket,18196,Pro Kennex Kinetic Black Ace racket,Pro Kennex,237.84,69.9,89,74,58,78,65,56,69
extreme-tennis,https://www.extreme-tennis.eu/tecnifibre-padel-rackets/21285-tecnifibre-curva-soft-racket.html,21285-tecnifibre-curva-soft-racket,21285,Tecnifibre Curva Soft racket,Tecnifibre,159.84,76.6,69,83,89,67,77,74,77
extreme-tennis,https://www.extreme-tennis.eu/siux-padel-rackets/20847-siux-fenix-pro-5-racket.html,20847-siux-fenix-pro-5-racket,20847,Siux Fenix Pro 5 Racket,Siux,205.76,68.0,96,67,64,68,59,48,74
extreme-tennis,https://www.extreme-tennis.eu/tecnifibre-padel-rackets/21284-tecnifibre-curva-speed-racket.html,21284-tecnifibre-curva-speed-racket,21284,Tecnifibre Curva Speed racket,Tecnifibre,155.8,73.3,68,80,79,67,70,81,68
extreme-tennis,https://www.extreme-tennis.eu/nox-padel-rackets/21270-nox-cobalt-quantum-12k-2025-racket.html,21270-nox-cobalt-quantum-12k-2025-racket,21270,Nox Cobalt Quantum 12K 2025 racket,Nox,225.85,76.9,82,84,68,97,68,68,71
extreme-tennis,https://www.extreme-tennis.eu/nox-padel-rackets/21269-nox-carbon-quantum-12k-2025-racket.html,21269-nox-carbon-quantum-12k-2025-racket,21269,Nox Carbon Quantum 12K 2025 racket,Nox,225.85,75.6,82,80,70,98,64,65,70
extreme-tennis,https://www.extreme-tennis.eu/nox-padel-rackets/21160-nox-future-control-12k-alum-2025-racket.html,21160-nox-future-control-12k-alum-2025-racket,21160,Nox Future Control 12K Alum 2025 racket,Nox,174.84,74.4,76,90,68,75,71,77,64
extreme-tennis,https://www.extreme-tennis.eu/nox-padel-rackets/21159-nox-future-hybrid-12k-alum-2025-racket.html,21159-nox-future-hybrid-12k-alum-2025-racket,21159,Nox Future Hybrid 12K Alum 2025 racket,Nox,174.84,73.3,83,75,72,77,65,66,75
extreme-tennis,https://www.extreme-tennis.eu/nox-padel-rackets/21158-nox-future-attack-12k-alum-2025-racket.html,21158-nox-future-attack-12k-alum-2025-racket,21158,Nox Future Attack 12K Alum 2025 racket,Nox,174.84,69.1,90,60,66,78,59,55,76
extreme-tennis,https://www.extreme-tennis.eu/oxdog-padel-rackets/20749-oxdog-ultimate-pro-2025-racket.html,20749-oxdog-ultimate-pro-2025-racket,20749,Oxdog Ultimate Pro 2025 Racket,Oxdog,285.45,69.9,88,83,53,78,62,64,61
extreme-tennis,https://www.extreme-tennis.eu/head-padel-rackets/20715-head-coello-vibe-2025-racket.html,20715-head-coello-vibe-2025-racket,20715,Head Coello Vibe 2025 Racket,Head,109.85,72.3,69,62,95,42,82,65,91
extreme-tennis,https://www.extreme-tennis.eu/bullpadel-padel-rackets/20678-bullpadel-icon-25-racket.html,20678-bullpadel-icon-25-racket,20678,Bullpadel Icon 25 racket,Bullpadel,177.8,72.1,77,88,64,68,68,76,64
extreme-tennis,https://www.extreme-tennis.eu/head-padel-rackets/20547-head-vibe-2025-racket.html,20547-head-vibe-2025-racket,20547,Head Vibe 2025 Racket,Head,79.85,73.0,67,69,96,42,80,73,84
extreme-tennis,https://www.extreme-tennis.eu/dunlop-padel-rackets/20445-dunlop-galactica-lite-2025-racket.html,20445-dunlop-galactica-lite-2025-racket,20445,Dunlop Galactica Lite 2025 racket,Dunlop,179.8,77.3,73,92,73,87,72,80,64
extreme-tennis,https://www.extreme-tennis.eu/head-padel-rackets/20122-head-speed-team-2025-racket.html,20122-head-speed-team-2025-racket,20122,Head Speed Team 2025 Racket,Head,149.8,71.7,69,76,84,42,80,73,78
extreme-tennis,https://www.extreme-tennis.eu/siux-padel-rackets/20737-siux-valkyria-pro-racket.html,20737-siux-valkyria-pro-racket,20737,Siux Valkyria Pro Racket,Siux,257.9,72.3,66,86,76,40,82,82,74
extreme-tennis,https://www.extreme-tennis.eu/head-padel-rackets/20126-head-speed-one-x-2025-racket.html,20126-head-speed-one-x-2025-racket,20126,Head Speed One X 2025 Racket,Head,212.0,72.4,85,89,61,77,64,69,62
extreme-tennis,https://www.extreme-tennis.eu/head-padel-rackets/19707-head-gravity-motion-2024-racket.html,19707-head-gravity-motion-2024-racket,19707,Head Gravity Motion 2024 Racket,Head,159.84,80.6,55,76,95,85,91,84,78
extreme-tennis,https://www.extreme-tennis.eu/pro-kennex-padel-rackets/18199-pro-kennex-kinetic-focus-racket.html,18199-pro-kennex-kinetic-focus-racket,18199,Pro Kennex Kinetic Focus racket,Pro Kennex,205.84,71.4,78,66,77,68,69,65,77
extreme-tennis,https://www.extreme-tennis.eu/pro-kennex-padel-rackets/18198-pro-kennex-kinetic-legend-pro-racket.html,18198-pro-kennex-kinetic-legend-pro-racket,18198,Pro Kennex Kinetic Legend Pro racket,Pro Kennex,188.85,74.4,78,90,68,65,81,73,66
extreme-tennis,https://www.extreme-tennis.eu/pro-kennex-padel-rackets/18197-pro-kennex-kinetic-focus-pro-racket.html,18197-pro-kennex-kinetic-focus-pro-racket,18197,Pro Kennex Kinetic Focus Pro racket,Pro Kennex,205.84,65.9,97,62,53,68,63,50,68
extreme-tennis,https://www.extreme-tennis.eu/oxdog-padel-rackets/20756-oxdog-ultimate-court-2025-tennis-racket.html,20756-oxdog-ultimate-court-2025-tennis-racket,20756,Oxdog Ultimate Court 2025 Tennis Racket,Oxdog,129.9,76.0,80,75,71,98,70,64,74
extreme-tennis,https://www.extreme-tennis.eu/head-padel-rackets/20702-head-coello-pro-2025-racket.html,20702-head-coello-pro-2025-racket,20702,Head Coello Pro 2025 Racket,Head,209.8,69.9,95,48,70,78,67,42,89
extreme-tennis,https://www.extreme-tennis.eu/head-padel-rackets/20711-head-coello-team-2025-racket.html,20711-head-coello-team-2025-racket,20711,Head Coello Team 2025 Racket,Head,149.8,68.1,79,55,85,43,73,56,86
extreme-tennis,https://www.extreme-tennis.eu/tecnifibre-padel-rackets/21282-tecnifibre-curva-power-racket.html,21282-tecnifibre-curva-power-racket,21282,Tecnifibre Curva Power racket,Tecnifibre,199.85,72.0,76,79,71,68,73,71,66
extreme-tennis,https://www.extreme-tennis.eu/nox-padel-rackets/22217-nox-equation-hard-advanced-2026-racket.html,22217-nox-equation-hard-advanced-2026-racket,22217,Nox Equation Hard Advanced 2026 racket,Nox,111.85,80.9,61,86,83,95,86,82,73
extreme-tennis,https://www.extreme-tennis.eu/nox-padel-rackets/22218-nox-equation-soft-advanced-2026-racket.html,22218-nox-equation-soft-advanced-2026-racket,22218,Nox Equation Soft Advanced 2026 racket,Nox,112.4,82.9,57,83,92,95,94,81,78
extreme-tennis,https://www.extreme-tennis.eu/nox-padel-rackets/22219-nox-at10-pro-cup-hard-2026-racket.html,22219-nox-at10-pro-cup-hard-2026-racket,22219,Nox AT10 Pro Cup Hard 2026 racket,Nox,141.45,80.3,60,78,84,95,88,80,77
extreme-tennis,https://www.extreme-tennis.eu/nox-padel-rackets/22220-nox-at10-pro-cup-soft-2026-racket.html,22220-nox-at10-pro-cup-soft-2026-racket,22220,Nox AT10 Pro Cup Soft 2026 racket,Nox,179.85,81.6,59,78,88,95,93,81,77
extreme-tennis,https://www.extreme-tennis.eu/head-padel-rackets/19709-head-gravity-team-light-2024-racket.html,19709-head-gravity-team-light-2024-racket,19709,Head Gravity Team Light 2024 Racket,Head,127.2,70.7,50,59,98,40,89,86,73
extreme-tennis,https://www.extreme-tennis.eu/wilson-padel-rackets/19581-wilson-blade-ls-v3-racket.html,19581-wilson-blade-ls-v3-racket,19581,Wilson Blade LS V3 racket,Wilson,119.84,78.7,65,76,92,77,87,75,79
extreme-tennis,https://www.extreme-tennis.eu/wilson-padel-rackets/23145-wilson-optix-v2-power-red-padel-racket.html,23145-wilson-optix-v2-power-red-padel-racket,23145,Wilson Optix V2 Power Red Padel Racket,Wilson,99.8,74.9,67,68,94,52,87,66,90
extreme-tennis,https://www.extreme-tennis.eu/wilson-padel-rackets/23146-wilson-optix-v2-power-blue-padel-racket.html,23146-wilson-optix-v2-power-blue-padel-racket,23146,Wilson Optix V2 Power Blue Padel Racket,Wilson,119.8,74.9,67,68,94,52,87,66,90
extreme-tennis,https://www.extreme-tennis.eu/wilson-padel-rackets/23682-wilson-optix-v2-lite-lilac-padel-racket.html,23682-wilson-optix-v2-lite-lilac-padel-racket,23682,Wilson Optix V2 Lite Lilac Padel Racket,Wilson,99.9,75.7,53,69,99,50,93,80,86
extreme-tennis,https://www.extreme-tennis.eu/wilson-padel-rackets/23745-wilson-optix-v2-lite-padel-racket-white.html,23745-wilson-optix-v2-lite-padel-racket-white,23745,Wilson Optix V2 Lite Padel Racket White,Wilson,99.9,75.7,53,69,99,50,93,80,86
extreme-tennis,https://www.extreme-tennis.eu/oxdog-padel-rackets/20759-oxdog-ultimate-pro-classics-2025-racket.html,20759-oxdog-ultimate-pro-classics-2025-racket,20759,Oxdog Ultimate Pro+ Classics 2025 Racket,Oxdog,299.9,73.3,85,74,63,98,61,61,71
extreme-tennis,https://www.extreme-tennis.eu/oxdog-padel-rackets/20758-oxdog-sense-pro-classics-2025-racket.html,20758-oxdog-sense-pro-classics-2025-racket,20758,Oxdog Sense Pro Classics 2025 Racket,Oxdog,249.9,77.7,75,93,66,95,74,80,61
extreme-tennis,https://www.extreme-tennis.eu/head-padel-rackets/20124-head-speed-pro-2025-racket.html,20124-head-speed-pro-2025-racket,20124,Head Speed Pro 2025 Racket,Head,189.8,70.6,81,70,76,52,73,61,81
extreme-tennis,https://www.extreme-tennis.eu/pro-kennex-padel-rackets/18200-pro-kennex-kinetic-legend-racket.html,18200-pro-kennex-kinetic-legend-racket,18200,Pro Kennex Kinetic Legend racket,Pro Kennex,188.85,76.3,64,90,80,65,84,86,65
extreme-tennis,https://www.extreme-tennis.eu/head-padel-rackets/20709-head-coello-motion-2025-racket.html,20709-head-coello-motion-2025-racket,20709,Head Coello Motion 2025 Racket,Head,183.17,74.7,74,75,81,78,69,67,79
extreme-tennis,https://www.extreme-tennis.eu/head-padel-rackets/20548-head-evo-speed-2025-racket.html,20548-head-evo-speed-2025-racket,20548,Head Evo Speed 2025 Racket,Head,69.8,72.7,67,70,94,42,84,70,82
extreme-tennis,https://www.extreme-tennis.eu/wilson-padel-rackets/20899-wilson-defy-pro-v1-racket.html,20899-wilson-defy-pro-v1-racket,20899,Wilson Defy Pro V1 racket,Wilson,219.85,69.6,96,71,50,98,55,57,60
extreme-tennis,https://www.extreme-tennis.eu/wilson-padel-rackets/20853-wilson-defy-v1-racket.html,20853-wilson-defy-v1-racket,20853,Wilson Defy V1 racket,Wilson,189.86,72.1,81,79,69,78,60,67,71
extreme-tennis,https://www.extreme-tennis.eu/head-padel-rackets/19706-head-gravity-pro-2024-racket.html,19706-head-gravity-pro-2024-racket,19706,Head Gravity Pro 2024 Racket,Head,169.6,80.9,60,77,92,85,88,79,85
extreme-tennis,https://www.extreme-tennis.eu/head-padel-rackets/21432-head-graphene-360-alpha-pwr-racket.html,21432-head-graphene-360-alpha-pwr-racket,21432,Head Graphene 360+ Alpha PWR Racket,Head,102.85,71.3,71,78,80,42,78,72,78
extreme-tennis,https://www.extreme-tennis.eu/wilson-padel-rackets/21514-wilson-bela-pro-v3-racket.html,21514-wilson-bela-pro-v3-racket,21514,Wilson Bela Pro V3 racket,Wilson,209.8,77.9,78,78,76,97,70,68,78
extreme-tennis,https://www.extreme-tennis.eu/wilson-padel-rackets/21515-wilson-bela-ls-v3-racket.html,21515-wilson-bela-ls-v3-racket,21515,Wilson Bela LS V3 racket,Wilson,169.8,78.3,73,75,83,97,71,69,80
extreme-tennis,https://www.extreme-tennis.eu/wilson-padel-rackets/21516-wilson-bela-v3-racket.html,21516-wilson-bela-v3-racket,21516,Wilson Bela V3 racket,Wilson,199.8,79.7,69,81,84,97,71,74,82
extreme-tennis,https://www.extreme-tennis.eu/babolat-padel-rackets/21606-babolat-air-origin-racket.html,21606-babolat-air-origin-racket,21606,Babolat Air Origin racket,Babolat,91.5,71.1,48,59,97,42,86,91,75
extreme-tennis,https://www.extreme-tennis.eu/head-padel-rackets/21734-head-vector-2025-racket.html,21734-head-vector-2025-racket,21734,Head Vector 2025 Racket,Head,74.83,73.0,64,66,95,40,91,70,85
extreme-tennis,https://www.extreme-tennis.eu/head-padel-rackets/21763-head-alpha-plus-2025-racket.html,21763-head-alpha-plus-2025-racket,21763,Head Alpha Plus 2025 Racket,Head,102.85,72.0,55,66,95,42,85,83,78
extreme-tennis,https://www.extreme-tennis.eu/head-padel-rackets/21766-head-radial-2025-racket.html,21766-head-radial-2025-racket,21766,Head Radial 2025 Racket,Head,85.75,71.9,71,63,91,40,89,64,85
extreme-tennis,https://www.extreme-tennis.eu/head-padel-rackets/22043-head-evo-extreme-2025-racket.html,22043-head-evo-extreme-2025-racket,22043,Head Evo Extreme 2025 Racket,Head,69.8,71.1,70,71,89,42,78,69,79
extreme-tennis,https://www.extreme-tennis.eu/nox-padel-rackets/22160-nox-prestige-20-fr-exclusive-12k-2026-racket.html,22160-nox-prestige-20-fr-exclusive-12k-2026-racket,22160,Nox Prestige 2.0 FR Exclusive 12K 2026 racket,Nox,199.84,76.3,79,82,75,87,69,68,74
extreme-tennis,https://www.extreme-tennis.eu/bullpadel-padel-rackets/22216-bullpadel-discover-pwr-racket.html,22216-bullpadel-discover-pwr-racket,22216,Bullpadel Discover PWR racket,Bullpadel,59.85,72.6,62,65,95,43,85,71,87
extreme-tennis,https://www.extreme-tennis.eu/bullpadel-padel-rackets/23591-bullpadel-open-ctr-25-padel-racket.html,23591-bullpadel-open-ctr-25-padel-racket,23591,Bullpadel Open CTR 25 Padel Racket,Bullpadel,54.9,76.3,53,77,97,40,98,86,83
extreme-tennis,https://www.extreme-tennis.eu/head-padel-rackets/22190-head-extreme-pwr-padel-racket.html,22190-head-extreme-pwr-padel-racket,22190,Head Extreme PWR padel racket,Head,102.85,70.7,72,68,83,53,73,65,81
extreme-tennis,https://www.extreme-tennis.eu/head-padel-rackets/22293-head-revolt-2025-racket.html,22293-head-revolt-2025-racket,22293,Head Revolt 2025 Racket,Head,75.0,71.0,77,57,87,52,78,59,87
extreme-tennis,https://www.extreme-tennis.eu/head-padel-rackets/23262-head-calibre-orange-padel-racket.html,23262-head-calibre-orange-padel-racket,23262,Head Calibre Orange Padel Racket,Head,69.9,73.0,69,56,95,40,93,62,96
extreme-tennis,https://www.extreme-tennis.eu/bullpadel-padel-rackets/22365-bullpadel-ionic-power-26-racket.html,22365-bullpadel-ionic-power-26-racket,22365,Bullpadel Ionic Power 26 racket,Bullpadel,161.86,70.4,85,53,79,68,69,52,87
extreme-tennis,https://www.extreme-tennis.eu/bullpadel-padel-rackets/22366-bullpadel-ionic-control-26-racket.html,22366-bullpadel-ionic-control-26-racket,22366,Bullpadel Ionic Control 26 racket,Bullpadel,161.86,77.1,61,84,87,65,83,83,77
extreme-tennis,https://www.extreme-tennis.eu/bullpadel-padel-rackets/22367-bullpadel-ionic-light-26-racket.html,22367-bullpadel-ionic-light-26-racket,22367,Bullpadel Ionic Light 26 racket,Bullpadel,134.85,74.4,61,70,91,67,77,82,73
extreme-tennis,https://www.extreme-tennis.eu/bullpadel-padel-rackets/22368-bullpadel-indiga-ctr-26-racket.html,22368-bullpadel-indiga-ctr-26-racket,22368,Bullpadel Indiga CTR 26 racket,Bullpadel,75.85,74.7,62,80,89,40,94,78,80
extreme-tennis,https://www.extreme-tennis.eu/bullpadel-padel-rackets/22369-bullpadel-indiga-w-26-racket.html,22369-bullpadel-indiga-w-26-racket,22369,Bullpadel Indiga W 26 racket,Bullpadel,75.85,73.3,65,75,91,40,89,72,81
extreme-tennis,https://www.extreme-tennis.eu/bullpadel-padel-rackets/22370-bullpadel-indiga-pwr-26-racket.html,22370-bullpadel-indiga-pwr-26-racket,22370,Bullpadel Indiga PWR 26 racket,Bullpadel,74.85,72.1,72,74,86,42,83,69,79
extreme-tennis,https://www.extreme-tennis.eu/bullpadel-padel-rackets/22557-bullpadel-vertex-advance-26-racket.html,22557-bullpadel-vertex-advance-26-racket,22557,Bullpadel Vertex Advance 26 racket,Bullpadel,125.9,75.1,69,66,78,88,78,67,80
extreme-tennis,https://www.extreme-tennis.eu/bullpadel-padel-rackets/22558-bullpadel-hack-advance-26-racket.html,22558-bullpadel-hack-advance-26-racket,22558,Bullpadel Hack Advance 26 racket,Bullpadel,111.9,78.7,63,72,86,85,89,72,84
extreme-tennis,https://www.extreme-tennis.eu/osaka-padel-rackets/22592-osaka-vision-pro-control-2026-racket.html,22592-osaka-vision-pro-control-2026-racket,22592,Osaka Vision Pro Control 2026 Racket,Osaka,189.8,78.0,62,92,71,85,80,95,61
extreme-tennis,https://www.extreme-tennis.eu/osaka-padel-rackets/22593-osaka-vision-pro-power-2026-racket.html,22593-osaka-vision-pro-power-2026-racket,22593,Osaka Vision Pro Power 2026 Racket,Osaka,199.9,77.6,76,86,72,87,75,73,74
extreme-tennis,https://www.extreme-tennis.eu/osaka-padel-rackets/22594-osaka-pro-tour-ltd-control-2026-racket.html,22594-osaka-pro-tour-ltd-control-2026-racket,22594,Osaka Pro Tour LTD Control 2026 Racket,Osaka,299.9,75.7,66,90,72,75,78,84,65
extreme-tennis,https://www.extreme-tennis.eu/siux-padel-rackets/22598-siux-pegasus-pro-2026-racket.html,22598-siux-pegasus-pro-2026-racket,22598,Siux Pegasus Pro 2026 Racket,Siux,314.8,72.4,82,65,72,77,67,63,81
extreme-tennis,https://www.extreme-tennis.eu/babolat-padel-rackets/22646-babolat-stima-spirit-racket.html,22646-babolat-stima-spirit-racket,22646,Babolat Stima Spirit racket,Babolat,133.75,73.9,62,76,89,50,87,76,77
extreme-tennis,https://www.extreme-tennis.eu/siux-padel-rackets/22665-siux-fenix-elite-vi-2026-racket.html,22665-siux-fenix-elite-vi-2026-racket,22665,Siux Fenix Elite VI 2026 Racket,Siux,239.8,71.6,90,68,64,88,62,56,73
extreme-tennis,https://www.extreme-tennis.eu/osaka-padel-rackets/22768-osaka-pro-tour-ltd-power-2026-racket.html,22768-osaka-pro-tour-ltd-power-2026-racket,22768,Osaka Pro Tour LTD Power 2026 Racket,Osaka,299.9,72.7,88,72,69,77,68,61,74
extreme-tennis,https://www.extreme-tennis.eu/drop-shot-padel-rackets/23655-drop-shot-explorer-pro-comfort-2-0-padel-racket.html,23655-drop-shot-explorer-pro-comfort-2-0-padel-racket,23655,Drop Shot Explorer Pro Comfort 2.0 Padel Racket,Drop Shot,189.8,77.0,58,85,83,75,81,95,62
extreme-tennis,https://www.extreme-tennis.eu/drop-shot-padel-rackets/23657-drop-shot-axion-comfort-1-0-padel-racket.html,23657-drop-shot-axion-comfort-1-0-padel-racket,23657,Drop Shot Axion Comfort 1.0 Padel Racket,Drop Shot,209.8,76.7,57,86,80,75,81,97,61
extreme-tennis,https://www.extreme-tennis.eu/drop-shot-padel-rackets/23658-drop-shot-conqueror-attack-2-0-padel-racket.html,23658-drop-shot-conqueror-attack-2-0-padel-racket,23658,Drop Shot Conqueror Attack 2.0 Padel Racket,Drop Shot,280.8,74.4,78,77,72,77,74,76,67
extreme-tennis,https://www.extreme-tennis.eu/drop-shot-padel-rackets/23659-drop-shot-explorer-pro-attack-soft-padel-racket.html,23659-drop-shot-explorer-pro-attack-soft-padel-racket,23659,Drop Shot Explorer Pro Attack Soft Padel Racket,Drop Shot,249.8,76.0,68,76,80,77,80,84,67
extreme-tennis,https://www.extreme-tennis.eu/drop-shot-padel-rackets/23660-drop-shot-axion-attack-soft-padel-racket.html,23660-drop-shot-axion-attack-soft-padel-racket,23660,Drop Shot Axion Attack Soft Padel Racket,Drop Shot,251.8,76.3,62,81,80,77,80,92,62
extreme-tennis,https://www.extreme-tennis.eu/drop-shot-padel-rackets/23661-drop-shot-canyon-pro-attack-soft-padel-racket.html,23661-drop-shot-canyon-pro-attack-soft-padel-racket,23661,Drop Shot Canyon Pro Attack Soft Padel Racket,Drop Shot,239.8,72.4,72,68,71,78,74,78,66
extreme-tennis,https://www.extreme-tennis.eu/drop-shot-padel-rackets/23662-drop-shot-explorer-pro-attack-2-0-padel-racket.html,23662-drop-shot-explorer-pro-attack-2-0-padel-racket,23662,Drop Shot Explorer Pro Attack 2.0 Padel Racket,Drop Shot,271.8,75.0,79,77,72,77,74,73,73
extreme-tennis,https://www.extreme-tennis.eu/drop-shot-padel-rackets/23663-drop-shot-canyon-pro-attack-2-0-padel-racket.html,23663-drop-shot-canyon-pro-attack-2-0-padel-racket,23663,Drop Shot Canyon Pro Attack 2.0 Padel Racket,Drop Shot,299.8,72.3,73,73,68,78,70,78,66
extreme-tennis,https://www.extreme-tennis.eu/drop-shot-padel-rackets/23664-drop-shot-axion-attack-2-0-jon-sanz-padel-racket.html,23664-drop-shot-axion-attack-2-0-jon-sanz-padel-racket,23664,Drop Shot Axion Attack 2.0 Jon Sanz Padel Racket,Drop Shot,287.8,76.1,65,85,76,77,76,88,66
extreme-tennis,https://www.extreme-tennis.eu/osaka-padel-rackets/22769-osaka-x-raul-marcos-pro-power-2026-racket.html,22769-osaka-x-raul-marcos-pro-power-2026-racket,22769,Osaka x Raúl Marcos Pro Power 2026 Racket,Osaka,209.8,75.6,77,78,77,87,69,70,71
extreme-tennis,https://www.extreme-tennis.eu/babolat-padel-rackets/22819-babolat-air-vertuo-26-racket.html,22819-babolat-air-vertuo-26-racket,22819,Babolat Air Vertuo 2.6 racket,Babolat,137.15,72.7,69,72,82,67,76,73,70
extreme-tennis,https://www.extreme-tennis.eu/babolat-padel-rackets/22820-babolat-counter-vertuo-26-racket.html,22820-babolat-counter-vertuo-26-racket,22820,Babolat Counter Vertuo 2.6 racket,Babolat,152.85,75.3,69,80,85,65,82,70,76
extreme-tennis,https://www.extreme-tennis.eu/black-crown-padel-rackets/22891-black-crown-piton-white-soft-racket.html,22891-black-crown-piton-white-soft-racket,22891,Black Crown Piton White Soft racket,Black Crown,161.9,78.4,59,85,89,65,90,84,77
extreme-tennis,https://www.extreme-tennis.eu/siux-padel-rackets/23264-siux-fenix-pro-5-black-edition-augsburger-padel-racket.html,23264-siux-fenix-pro-5-black-edition-augsburger-padel-racket,23264,Siux Fenix Pro 5 Black Edition Augsburger Padel Racket,Siux,194.6,68.9,93,71,59,78,57,54,70
